Name,URL,Total Matches
Aderthad,,0
Adunaic,,0
Adunakhor,,0
Adurant,,0
AdurantThe,,0
Aeglos,https://www.metal-archives.com/bands/Aeglos/3540381785,1
Aegnor,https://www.metal-archives.com/bands/Aegnor/3540274370,1
Aeluin,,0
Aerandir,,0
Aerin,,0
Aftercomers,,0
Agamaen,,0
Aglareb,,0
Aglarond,https://www.metal-archives.com/bands/Aglarond/6413,1
Aglon,,0
Agtarond,,0
Ainulindale,https://www.metal-archives.com/bands/Ainulindal%C3%AB/3540497907,1
Ainur,https://www.metal-archives.com/bands/Ainur/3540307961,2
Ainur,https://www.metal-archives.com/bands/Ainur/3540314971,2
AinurSee,,0
Akallabeth,https://www.metal-archives.com/bands/Akallabeth/116171,4
Akallabeth,https://www.metal-archives.com/bands/Akallabeth/48428,4
Akallabeth,https://www.metal-archives.com/bands/Akallab%C3%AAth/10392,4
Akallabeth,https://www.metal-archives.com/bands/Akallab%C3%AAth/123950,4
Alcarinque,,0
Alcarondas,,0
Aldaron,https://www.metal-archives.com/bands/Aldaron/61896,1
Aldudenie,,0
Alkarinque,,0
Almaren,,0
Alqualonde,,0
Amandil,,0
Amanyar,,0
Amarie,,0
Amlach,,0
Amoedi,,0
Amoediad,,0
Amras,https://www.metal-archives.com/bands/Amras_Numenesse/3540489749,1
Amrod,,0
Amroth,https://www.metal-archives.com/bands/Dol_Amroth/4846,1
Anach,,0
Anadune,,0
Anar,https://www.metal-archives.com/bands/Anar/3540340576,1
Anarion,https://www.metal-archives.com/bands/Anarion/2260,2
Anarion,https://www.metal-archives.com/bands/Anari%C3%B5n/3540282646,2
Anarrima,,0
Anborn,,0
Anbrion,,0
Ancalagon,https://www.metal-archives.com/bands/Ancalagon/3540491463,6
Ancalagon,https://www.metal-archives.com/bands/Ancalagon/2453,6
Ancalagon,https://www.metal-archives.com/bands/Ancalagon/6950,6
Ancalagon,https://www.metal-archives.com/bands/Ancalagon/3540394359,6
Ancalagon,https://www.metal-archives.com/bands/Ancalagon/3540414018,6
Ancalagon,https://www.metal-archives.com/bands/Ancalagon/3540428983,6
Andram,,0
Androth,,0
Anduin,https://www.metal-archives.com/bands/Ethir_Anduin/3540322798,1
Andunie,,0
Anduril,https://www.metal-archives.com/bands/Anduril/3540432607,2
Anduril,https://www.metal-archives.com/bands/Anduril/3540492064,2
Anfalas,,0
Anfauglir,https://www.metal-archives.com/bands/Anfauglir/3540535157,2
Anfauglir,https://www.metal-archives.com/bands/Anfauglir/3540259884,2
AnfauglirA,,0
Anfauglith,https://www.metal-archives.com/bands/Anfauglith/3540288961,2
Anfauglith,https://www.metal-archives.com/bands/Anfauglith/3540505024,2
Angainor,https://www.metal-archives.com/bands/Angainor/3540535005,2
Angainor,https://www.metal-archives.com/bands/Angainor/3540519872,2
Angarato,,0
Angband,https://www.metal-archives.com/bands/Angband/7623,4
Angband,https://www.metal-archives.com/bands/Angband/84709,4
Angband,https://www.metal-archives.com/bands/Angband/3540261874,4
Angband,https://www.metal-archives.com/bands/Angband/3540551053,4
Angbor,,0
Angerthas,,0
Anghabar,,0
Anglachel,https://www.metal-archives.com/bands/Anglachel/28908,2
Anglachel,https://www.metal-archives.com/bands/Anglachel/3540426415,2
Angmar,https://www.metal-archives.com/bands/Angmar/120152,12
Angmar,https://www.metal-archives.com/bands/Angmar/9501,12
Angmar,https://www.metal-archives.com/bands/Angmar/36310,12
Angmar,https://www.metal-archives.com/bands/Angmar/125726,12
Angmar,https://www.metal-archives.com/bands/Angmar/3540347930,12
Angmar,https://www.metal-archives.com/bands/Aran_Angmar/3540480039,12
Angmar,https://www.metal-archives.com/bands/Ered_Angmar/3540464704,12
Angmar,https://www.metal-archives.com/bands/Crown_of_Angmar/3540274158,12
Angmar,https://www.metal-archives.com/bands/Kingdom_of_Angmar/3540521819,12
Angmar,https://www.metal-archives.com/bands/Lord_of_Angmar/3540533657,12
Angmar,https://www.metal-archives.com/bands/Throne_of_Angmar/3540523987,12
Angmar,https://www.metal-archives.com/bands/Eikthyrnir/30592,12
Angren,https://www.metal-archives.com/bands/Carach_Angren/28907,1
Angrenost,https://www.metal-archives.com/bands/Angrenost/3540441120,3
Angrenost,https://www.metal-archives.com/bands/Angrenost/76186,3
Angrenost,https://www.metal-archives.com/bands/Angrenost/3989,3
Angrim,,0
Angrod,,0
Anguirel,,0
Annael,,0
Annatar,https://www.metal-archives.com/bands/Annatar/12338,1
Annuminas,,0
Annun,,0
Annyn,,0
Anor,,0
Anorien,,0
Anurien,,0
Aradan,,0
Aragom,,0
Aragorn,https://www.metal-archives.com/bands/Aragorn/6318,10
Aragorn,https://www.metal-archives.com/bands/Aragorn/33119,10
Aragorn,https://www.metal-archives.com/bands/Aragorn/105853,10
Aragorn,https://www.metal-archives.com/bands/Aragorn/3335,10
Aragorn,https://www.metal-archives.com/bands/Aragorn/3540533001,10
Aragorn,https://www.metal-archives.com/bands/Aragon/3540454828,10
Aragorn,https://www.metal-archives.com/bands/Aragon/12750,10
Aragorn,https://www.metal-archives.com/bands/Aragon/83109,10
Aragorn,https://www.metal-archives.com/bands/Aragon/115112,10
Aragorn,https://www.metal-archives.com/bands/Aragon/3080,10
Araman,,0
Aranel,,0
Aranruth,https://www.metal-archives.com/bands/Aranr%C3%B9th/10676,1
Aranwe,,0
Aratan,,0
Aratar,,0
Arathom,,0
Araw,,0
Archet,,0
Aredhel,,0
Argonath,https://www.metal-archives.com/bands/Argonath/9063,5
Argonath,https://www.metal-archives.com/bands/Argonath/66317,5
Argonath,https://www.metal-archives.com/bands/Argonath/29850,5
Argonath,https://www.metal-archives.com/bands/Argonath/109118,5
Argonath,https://www.metal-archives.com/bands/Gates_of_Argonath/3540347672,5
Arien,,0
Arkenstone,https://www.metal-archives.com/bands/Arkenstone/3540498578,3
Arkenstone,https://www.metal-archives.com/bands/Arkenstone/59677,3
Arkenstone,https://www.metal-archives.com/bands/Arkenstone/3993,3
Armenelos,,0
Arminas,,0
Arnen,,0
Arnoediad,https://www.metal-archives.com/bands/Nirnaeth_Arnoediad/13392,1
Arnor,https://www.metal-archives.com/bands/Arnor/3540393822,3
Arnor,https://www.metal-archives.com/bands/Arnor/3540449368,3
Arnor,https://www.metal-archives.com/bands/Fornost_Arnor/3540296333,3
Arod,,0
Aros,https://www.metal-archives.com/bands/Aros/3540509064,1
Arossiach,,0
Arthad,,0
Arvernien,,0
Arwen,https://www.metal-archives.com/bands/Arwen/4202,1
Ascar,,0
Astaldo,,0
Atanamir,https://www.metal-archives.com/bands/Atanamir/3540453817,1
Atanatari,,0
Atani,https://www.metal-archives.com/bands/Atani/3540529172,1
Athrad,,0
Aule,,0
Avallone,,0
Avari,,0
Avathar,https://www.metal-archives.com/bands/Avathar/3208,8
Avathar,https://www.metal-archives.com/bands/Avathar/23897,8
Avathar,https://www.metal-archives.com/bands/Avathar/33707,8
Avathar,https://www.metal-archives.com/bands/Avathar/123955,8
Avathar,https://www.metal-archives.com/bands/Avathar/13540,8
Avathar,https://www.metal-archives.com/bands/Avathar/118570,8
Avathar,https://www.metal-archives.com/bands/Medium_Avathar/50781,8
Avathar,https://www.metal-archives.com/bands/%C3%81gadon/73684,8
Azaghal,https://www.metal-archives.com/bands/Azaghal/2342,2
Azaghal,https://www.metal-archives.com/bands/Azaghal/76964,2
Azog,https://www.metal-archives.com/bands/Azog/3540506409,4
Azog,https://www.metal-archives.com/bands/Azog/107226,4
Azog,https://www.metal-archives.com/bands/Azog/3540441129,4
Azog,https://www.metal-archives.com/bands/Azog/75017,4
BOROMIR,,0
Baggins,,0
Bagginses,,0
Bagshot,,0
Balar,,0
Baldor,,0
Balin,,0
Balrog,https://www.metal-archives.com/bands/Balrog/8550,8
Balrog,https://www.metal-archives.com/bands/Balrog/55582,8
Balrog,https://www.metal-archives.com/bands/Balrog/6958,8
Balrog,https://www.metal-archives.com/bands/Balrog/50753,8
Balrog,https://www.metal-archives.com/bands/Balrog/34103,8
Balrog,https://www.metal-archives.com/bands/Gimli_Balrog/114474,8
Balrog,https://www.metal-archives.com/bands/Balrog_ov_Morgoth/3540543147,8
Balrog,https://www.metal-archives.com/bands/Nosgoth/88599,8
Bandobras,,0
Baragund,,0
Barahir,,0
Barahiron,,0
Baran,https://www.metal-archives.com/bands/Baran/3540322268,1
Baranduin,https://www.metal-archives.com/bands/Baranduin/22306,1
Barliman,,0
Bauglir,https://www.metal-archives.com/bands/Bauglir/3540408163,2
Bauglir,https://www.metal-archives.com/bands/Morgoth_Bauglir/3540270395,2
Beleg,https://www.metal-archives.com/bands/Beleg_Eus_Fall/46247,1
Belegaer,,0
Belegost,https://www.metal-archives.com/bands/Belegost/3540373022,2
Belegost,https://www.metal-archives.com/bands/Belegost/3540357852,2
Belegund,,0
Belegurth,https://www.metal-archives.com/bands/Belegurth/3540447999,1
Beleriand,https://www.metal-archives.com/bands/Beleriand/40774,2
Beleriand,https://www.metal-archives.com/bands/Beleriand/3540468433,2
Belfalas,https://www.metal-archives.com/bands/Belfalas/3540523315,2
Belfalas,https://www.metal-archives.com/bands/Belfalas/3540529713,2
Belthil,https://www.metal-archives.com/bands/Belthil/43727,1
Belthronding,,0
Beor,,0
Beorhtnoth,,0
Beorn,https://www.metal-archives.com/bands/Beorn/3540395014,3
Beorn,https://www.metal-archives.com/bands/Beorn/3540403095,3
Beorn,https://www.metal-archives.com/bands/Beorn%27s_Hall/3540423022,3
Beornings,,0
Beraid,,0
Bereg,https://www.metal-archives.com/bands/%D0%91%D0%B5%D1%80%D0%B5%D0%B3_%D0%9D%D0%B5%D0%B1%D0%B0/3540355471,2
Bereg,https://www.metal-archives.com/bands/%D0%9B%D1%96%D0%B2%D0%B8%D0%B9_%D0%91%D0%B5%D1%80%D0%B5%D0%B3/3540509564,2
Beregond,,0
Beren,,0
Bergil,,0
Bifur,,0
Bloor,,0
Bofur,,0
Bolg,https://www.metal-archives.com/bands/Bolg/30558,2
Bolg,https://www.metal-archives.com/bands/Fir_Bolg/128942,2
Bombadil,,0
Bombadillo,,0
Bombur,,0
Borlach,,0
Borlad,,0
Boromir,,0
Borthand,,0
Bragollach,https://www.metal-archives.com/bands/Dagor_Bragollach/3540437879,1
Brandir,,0
Brandybuck,,0
Bregalad,,0
Brego,,0
Bregolas,,0
Bregor,,0
Brethil,,0
Brithiach,,0
Brithombar,,0
Brithon,,0
Brodda,,0
Bruinen,,0
Bucklander,,0
Bucklebury,,0
Bywater,,0
CIRITH,https://www.metal-archives.com/bands/Cirith_Gorgor/2104,3
CIRITH,https://www.metal-archives.com/bands/Cirith_Morgul/3540461915,3
CIRITH,https://www.metal-archives.com/bands/Cirith_Ungol/561,3
Cabed,,0
Calacirya,,0
Calaquendi,,0
Calenardhon,,0
Camil,,0
Camimirie,,0
Camlost,,0
Carach,https://www.metal-archives.com/bands/Carach_Angren/28907,1
Caradhras,https://www.metal-archives.com/bands/Caradhras/104418,3
Caradhras,https://www.metal-archives.com/bands/Caradhras/3540456228,3
Caradhras,https://www.metal-archives.com/bands/Draconis_Sanguis/3756,3
Caragdur,,0
Caranthir,,0
Carcharoth,https://www.metal-archives.com/bands/Carcharoth/3540255228,7
Carcharoth,https://www.metal-archives.com/bands/Carcharoth/25116,7
Carcharoth,https://www.metal-archives.com/bands/Carcharoth/3540521923,7
Carcharoth,https://www.metal-archives.com/bands/Carcharoth/3540542103,7
Carcharoth,https://www.metal-archives.com/bands/Carcharoth/25844,7
Carcharoth,https://www.metal-archives.com/bands/Carcharoth/57700,7
Carcharoth,https://www.metal-archives.com/bands/Carcharoth_%CE%9B.V./3540261645,7
Carchost,,0
Cardolan,,0
Carnimirie,,0
Carrock,,0
Celebdil,,0
Celebom,,0
Celeborn,https://www.metal-archives.com/bands/Celeborn/39073,1
Celebrimbor,,0
Celebrindal,,0
Celebrnan,,0
Celebros,,0
Celegorm,,0
Celon,,0
Chetwood,,0
Cirdan,,0
Ciril,,0
Cirith,https://www.metal-archives.com/bands/Cirith_Gorgor/2104,3
Cirith,https://www.metal-archives.com/bands/Cirith_Morgul/3540461915,3
Cirith,https://www.metal-archives.com/bands/Cirith_Ungol/561,3
Cirth,,0
Ciryon,https://www.metal-archives.com/bands/Ciryon/3540290339,1
Clrdan,,0
Clryon,,0
Cnrdan,,0
Cormallen,,0
Corollaire,,0
Coron,https://www.metal-archives.com/bands/Coron/3540475336,1
Crickhollow,,0
Crissaegrim,https://www.metal-archives.com/bands/Cr%C3%AEss%C3%A4egr%C3%AEm/3540503653,1
Cuivienen,,0
Culurien,,0
Curufin,,0
Curufinvie,,0
Curufinwe,,0
Curunir,,0
Curunlr,,0
Cuthalion,,0
Daedeloth,https://www.metal-archives.com/bands/Daedeloth/16306,4
Daedeloth,https://www.metal-archives.com/bands/Daedeloth/67632,4
Daedeloth,https://www.metal-archives.com/bands/Daedeloth/90771,4
Daedeloth,https://www.metal-archives.com/bands/Dor_Daedeloth/3540353438,4
Daeron,,0
Dagnir,https://www.metal-archives.com/bands/Dagnir_en_Gwann/120175,1
Dagor,https://www.metal-archives.com/bands/Dagor/47217,9
Dagor,https://www.metal-archives.com/bands/Dagor/3540496783,9
Dagor,https://www.metal-archives.com/bands/Dagor/27809,9
Dagor,https://www.metal-archives.com/bands/Dagor_Bragollach/3540437879,9
Dagor,https://www.metal-archives.com/bands/Dagor_Dagorath/73281,9
Dagor,https://www.metal-archives.com/bands/Dagor_Sorhdeam/3540459870,9
Dagor,https://www.metal-archives.com/bands/Mor_Dagor/4651,9
Dagor,https://www.metal-archives.com/bands/Dagorlad/86371,9
Dagor,https://www.metal-archives.com/bands/Dagorquest/62161,9
DagorAglareb,,0
DagorBragollach,,0
Dagorlad,https://www.metal-archives.com/bands/Dagorlad/116421,7
Dagorlad,https://www.metal-archives.com/bands/Dagorlad/1744,7
Dagorlad,https://www.metal-archives.com/bands/Dagorlad/86371,7
Dagorlad,https://www.metal-archives.com/bands/Dagorlad/111964,7
Dagorlad,https://www.metal-archives.com/bands/Agarwaen_Dagorlad/112946,7
Dagorlad,https://www.metal-archives.com/bands/Into_Dagorlad/23750,7
Dagorlad,https://www.metal-archives.com/bands/Terra_Sur/23404,7
Dairuin,,0
Damrod,,0
Danwedh,,0
Dbin,,0
Denethor,https://www.metal-archives.com/bands/Denethor/56149,2
Denethor,https://www.metal-archives.com/bands/Denethor/100966,2
Derndingle,,0
Dernhelm,,0
Dimbar,,0
Dimen,,0
Dimholt,https://www.metal-archives.com/bands/Dimholt/101796,1
Dimrill,,0
Dimrost,,0
Dmrves,,0
Dnnen,,0
Dolmed,,0
Doriath,https://www.metal-archives.com/bands/Doriath/111625,1
Dorlas,,0
Dorthonion,,0
Dowis,,0
Draugluin,https://www.metal-archives.com/bands/Draugluin/48413,2
Draugluin,https://www.metal-archives.com/bands/Draugluin/79945,2
Drengist,,0
Drogo,,0
Duath,https://www.metal-archives.com/bands/Duath/3540350654,3
Duath,https://www.metal-archives.com/bands/Aran_Duath/3540549817,3
Duath,https://www.metal-archives.com/bands/Ephel_Duath/1320,3
Duilin,,0
Duilwen,,0
Dunedain,https://www.metal-archives.com/bands/D%C3%BCnedain/52352,1
Dungortheb,https://www.metal-archives.com/bands/Dungortheb/9223,2
Dungortheb,https://www.metal-archives.com/bands/Nan_Dungortheb/39775,2
Dunharrow,,0
Dunland,,0
Dunlendings,,0
Durin,https://www.metal-archives.com/bands/Durin%27s_Bane/7116,2
Durin,https://www.metal-archives.com/bands/Line_of_Durin/3540471897,2
Durthang,https://www.metal-archives.com/bands/Durthang/3540401511,4
Durthang,https://www.metal-archives.com/bands/Durthang/3540478945,4
Durthang,https://www.metal-archives.com/bands/Durthang/17600,4
Durthang,https://www.metal-archives.com/bands/Durthang_Spellcaster/3540532136,4
Dwalin,,0
Dwarrowdelf,https://www.metal-archives.com/bands/Dwarrowdelf/3540432302,1
Dwarvish,,0
Dwimorberg,,0
Dym,https://www.metal-archives.com/bands/Deny_Your_Maker/3540401460,1
Eamil,,0
Eamur,,0
Earendil,https://www.metal-archives.com/bands/E%C3%A4rendil/69890,2
Earendil,https://www.metal-archives.com/bands/E%27Arendil/3540511458,2
Earendur,,0
Earnil,,0
Earnur,,0
Earrame,,0
Earwen,,0
Easterlings,,0
Eastfarthing,,0
Echor,,0
Echoriath,https://www.metal-archives.com/bands/Echoriath/87933,1
Echtelion,,0
Ecthelion,,0
Edain,https://www.metal-archives.com/bands/Edain/3540284114,1
Edhel,,0
Edoras,,0
Edrendil,,0
Eglador,,0
Eglarest,,0
Eglath,https://www.metal-archives.com/bands/Eglath/3540509157,1
Eilinel,,0
Eithel,https://www.metal-archives.com/bands/Eithel_Fuin/70669,2
Eithel,https://www.metal-archives.com/bands/Eithel_Sirion/34453,2
Ekkaia,,0
Elanor,https://www.metal-archives.com/bands/Elanor/5750,4
Elanor,https://www.metal-archives.com/bands/Elanor/3540371279,4
Elanor,https://www.metal-archives.com/bands/Eleanor/45187,4
Elanor,https://www.metal-archives.com/bands/Eleanor/94522,4
Elbereth,https://www.metal-archives.com/bands/Elbereth/105264,4
Elbereth,https://www.metal-archives.com/bands/Elbereth/103939,4
Elbereth,https://www.metal-archives.com/bands/Elbereth/2916,4
Elbereth,https://www.metal-archives.com/bands/Geist_Elbereth/3540489676,4
Eldalie,,0
Eldalieva,,0
Eldamar,https://www.metal-archives.com/bands/Eldamar/3540407768,1
Eldar,https://www.metal-archives.com/bands/Eldar_V.T.B./42480,1
Eldarin,,0
Eledhvien,,0
Eledhwen,,0
Elemmire,,0
Elende,,0
Elendil,https://www.metal-archives.com/bands/Elendil/3540528229,1
Elendili,,0
Elendur,,0
Elenna,https://www.metal-archives.com/bands/Elenna/3540465224,1
Elentari,,0
Elenwe,,0
Elerrina,,0
Elessar,https://www.metal-archives.com/bands/Elessar/3095,2
Elessar,https://www.metal-archives.com/bands/Eless%C3%A4r/3540367956,2
Elfhelm,,0
Elfstone,,0
Elladan,,0
Elmoth,https://www.metal-archives.com/bands/Nan_Elmoth/3540270964,2
Elmoth,https://www.metal-archives.com/bands/Nan_Elmoth/3540388713,2
Elostirion,,0
Elrohir,,0
Elrond,,0
Elros,,0
Elu,https://www.metal-archives.com/bands/Elu_of_the_Nine/3540286451,1
Eluchil,,0
Eluchll,,0
Elured,,0
Elurln,,0
Elven,https://www.metal-archives.com/bands/Elven/89650,7
Elven,https://www.metal-archives.com/bands/Elven/3540503132,7
Elven,https://www.metal-archives.com/bands/Elvenfire/47936,7
Elven,https://www.metal-archives.com/bands/Elvenpath/2195,7
Elven,https://www.metal-archives.com/bands/Elvenscroll/3540476490,7
Elven,https://www.metal-archives.com/bands/Elvenstorm/3540305502,7
Elven,https://www.metal-archives.com/bands/Elvenking/387,7
Elvenfolk,,0
Elvenhome,,0
Elvenking,https://www.metal-archives.com/bands/Elvenking/387,1
Elverwings,,0
Elwe,,0
Elwing,https://www.metal-archives.com/bands/Elwing/12253,1
Elwng,,0
Emeldir,,0
Emyn,https://www.metal-archives.com/bands/Emyn_Muil/3540358234,1
Engrin,https://www.metal-archives.com/bands/Ethraid_Engrin/3540382034,1
Engrnr,,0
Ennor,,0
Entings,,0
Entish,,0
Entmoot,https://www.metal-archives.com/bands/Entmoot/3540500739,2
Entmoot,https://www.metal-archives.com/bands/Entmoot/3540501026,2
Ents,,0
Entwade,,0
Entwash,,0
Entwives,,0
Entwood,,0
Eol,https://www.metal-archives.com/bands/Emotion_of_Loss/109171,2
Eol,https://www.metal-archives.com/bands/Eyes_of_Ligeia/828,2
Eomer,,0
Eonvie,,0
Eonwe,,0
Eorl,,0
Eorlingas,,0
Eothain,,0
Eowyn,https://www.metal-archives.com/bands/%C3%89owyn/3540508649,1
Ephel,https://www.metal-archives.com/bands/Ephel_Duath/1320,1
Erain,https://www.metal-archives.com/bands/Erain/3540484109,1
Erchamion,https://www.metal-archives.com/bands/Erchamion/3540461938,1
Ereb,https://www.metal-archives.com/bands/Ereb_Altor/19273,1
Erebor,https://www.metal-archives.com/bands/Erebor/84001,3
Erebor,https://www.metal-archives.com/bands/Erebor/3540437072,3
Erebor,https://www.metal-archives.com/bands/Erebor/3540405124,3
Ered,https://www.metal-archives.com/bands/Ered/13472,7
Ered,https://www.metal-archives.com/bands/Ered_Amlug/3540441786,7
Ered,https://www.metal-archives.com/bands/Ered_Angmar/3540464704,7
Ered,https://www.metal-archives.com/bands/Ered_Guldur/3540481221,7
Ered,https://www.metal-archives.com/bands/Ered_Lithui/106767,7
Ered,https://www.metal-archives.com/bands/Ered_Wethrin/3540375522,7
Ered,https://www.metal-archives.com/bands/Ered_Wethrin/3540372957,7
Eregion,https://www.metal-archives.com/bands/Eregion/44798,3
Eregion,https://www.metal-archives.com/bands/Eregion/20173,3
Eregion,https://www.metal-archives.com/bands/Eregion/3540392274,3
Ereinion,,0
Erellont,,0
Eressea,https://www.metal-archives.com/bands/Eress%C3%ABa/3540527118,2
Eressea,https://www.metal-archives.com/bands/M%C3%B4r_Eress%C3%ABa/3540473462,2
Erestor,https://www.metal-archives.com/bands/Erestor/111200,1
Eriador,https://www.metal-archives.com/bands/Eriador/3540444185,1
Erkenbrand,,0
Eruhini,,0
Esgalduin,,0
Esgaroth,https://www.metal-archives.com/bands/Esgaroth/29525,9
Esgaroth,https://www.metal-archives.com/bands/Esgaroth/88331,9
Esgaroth,https://www.metal-archives.com/bands/Esgaroth/23503,9
Esgaroth,https://www.metal-archives.com/bands/Esgaroth/45516,9
Esgaroth,https://www.metal-archives.com/bands/Esgaroth/9125,9
Esgaroth,https://www.metal-archives.com/bands/Esgaroth/58930,9
Esgaroth,https://www.metal-archives.com/bands/Esgaroth/44988,9
Esgaroth,https://www.metal-archives.com/bands/Esgaroth/3540431013,9
Esgaroth,https://www.metal-archives.com/bands/Ezgaroth/14023,9
Estolad,,0
Ethir,https://www.metal-archives.com/bands/Ethir_Anduin/3540322798,1
Evendim,,0
Evenstar,,0
Ezellohar,https://www.metal-archives.com/bands/Ezellohar/3540473233,1
Faelivrin,,0
Falas,,0
Falathar,,0
Falathrim,,0
Fallohide,,0
Falmari,,0
Fangorn,https://www.metal-archives.com/bands/Fangorn/82431,4
Fangorn,https://www.metal-archives.com/bands/Fangorn/6899,4
Fangorn,https://www.metal-archives.com/bands/F%C3%A4ng%C3%B6rn/3540319160,4
Fangorn,https://www.metal-archives.com/bands/Dark_Forest_of_Fangorn/3540333095,4
Fanuidhol,,0
Faramir,,0
Faroth,,0
Fauglith,,0
Feanaro,,0
Feanor,https://www.metal-archives.com/bands/Feanor/518,2
Feanor,https://www.metal-archives.com/bands/Feanor_Omega/3540393669,2
Feanorian,,0
Feanorto,,0
Feanturi,https://www.metal-archives.com/bands/Feanturi/62234,2
Feanturi,https://www.metal-archives.com/bands/F%C3%ABanturi/11961,2
Fegolas,,0
Felagund,,0
Fellomhip,,0
Fellozship,,0
Fimbrethil,,0
Finarfin,,0
Finduilas,,0
Fingolfin,,0
Fingon,,0
Finrod,,0
FinrodUom,,0
Finwe,,0
Firienfeld,,0
Flelcaraxe,,0
Flobbits,,0
Flui,,0
Fobelia,,0
Folco,,0
Fomost,,0
Forlong,,0
Formen,,0
Formenos,https://www.metal-archives.com/bands/Morna/29553,2
Formenos,https://www.metal-archives.com/bands/%D0%A4%D0%BE%D1%80%D0%BC%D0%B5%D0%BD%D0%BE%D1%81/3540403810,2
Fornost,https://www.metal-archives.com/bands/Fornost/5187,5
Fornost,https://www.metal-archives.com/bands/Fornost/45933,5
Fornost,https://www.metal-archives.com/bands/F%C3%B6rnost/110724,5
Fornost,https://www.metal-archives.com/bands/Fornost_Arnor/3540296333,5
Fornost,https://www.metal-archives.com/bands/Forhnost/3540390633,5
Forochel,,0
Fossarnach,,0
Fredegar,,0
Frodo,https://www.metal-archives.com/bands/Frodhos_Death/3540349772,1
Frogmorton,,0
FuinurA,,0
Fundin,,0
Furien,https://www.metal-archives.com/bands/Furien/30302,1
Gabilgathol,,0
Galadhon,,0
Galadhriel,,0
Galadhrim,,0
Galadon,https://www.metal-archives.com/bands/Caras_Galadon/3540471704,1
Galadriel,https://www.metal-archives.com/bands/Galadriel/4203,3
Galadriel,https://www.metal-archives.com/bands/Galadriel%27s_Wrath/3540516274,3
Galadriel,https://www.metal-archives.com/bands/Ghaladriel/58942,3
Galadrim,,0
Galathilion,,0
Galdor,,0
Gamling,,0
Gandalf,https://www.metal-archives.com/bands/Gandalf/2528,4
Gandalf,https://www.metal-archives.com/bands/Gandalf/93292,4
Gandalf,https://www.metal-archives.com/bands/Gandalf_Wizardry/3540492871,4
Gandalf,https://www.metal-archives.com/bands/Gandalf_the_Green/3540416126,4
Gaurhoth,https://www.metal-archives.com/bands/Gaurhoth/15704,4
Gaurhoth,https://www.metal-archives.com/bands/Gaurhoth/3540296495,4
Gaurhoth,https://www.metal-archives.com/bands/Tol-in-Gaurhoth/24738,4
Gaurhoth,https://www.metal-archives.com/bands/Gavrhoth/115639,4
Gebir,,0
Gelin,,0
Gelion,,0
Gelmir,,0
Gelydh,,0
Ghvn,,0
Gildor,,0
Gilraen,,0
Gilthoniel,,0
Gimilkhad,,0
GimilzdrSee,,0
Gimilzor,,0
Gimli,https://www.metal-archives.com/bands/Gimli_Balrog/114474,2
Gimli,https://www.metal-archives.com/bands/Gimli%2C_Son_of_Gl%C3%B3in/3540449517,2
Ginglith,,0
Girion,,0
Girith,,0
Glamdring,https://www.metal-archives.com/bands/Glamdring/3540310001,1
Glamhoth,https://www.metal-archives.com/bands/Glamhoth/3540335794,1
Glaurung,https://www.metal-archives.com/bands/Glaurung/3540321930,2
Glaurung,https://www.metal-archives.com/bands/Glaurung/3540438527,2
Glaurunga,,0
Glingal,,0
Glirhuin,,0
Gloin,https://www.metal-archives.com/bands/Gimli%2C_Son_of_Gl%C3%B3in/3540449517,1
Gloredhel,,0
Glorfindel,,0
Glorftndel,,0
Gluin,,0
Gmreth,,0
Goldberry,,0
Gollum,https://www.metal-archives.com/bands/Gollum/3540490627,3
Gollum,https://www.metal-archives.com/bands/Gollum/5170,3
Gollum,https://www.metal-archives.com/bands/Gollum/31684,3
Golodhrim,,0
Gondolin,,0
Gondolindrim,,0
Gondor,,0
Gonnhirhm,,0
Gorbadoc,,0
Gorbag,https://www.metal-archives.com/bands/Gorbag/3540532040,1
Gorgor,https://www.metal-archives.com/bands/Cirith_Gorgor/2104,1
Gorgoroth,https://www.metal-archives.com/bands/Gorgoroth/3540551829,4
Gorgoroth,https://www.metal-archives.com/bands/Gorgoroth/3540426595,4
Gorgoroth,https://www.metal-archives.com/bands/Gorgoroth/770,4
Gorgoroth,https://www.metal-archives.com/bands/Gorgoroth/3540349312,4
Gorlim,,0
Gorthaur,https://www.metal-archives.com/bands/Gorthaur/3540480442,8
Gorthaur,https://www.metal-archives.com/bands/Gorthaur/47744,8
Gorthaur,https://www.metal-archives.com/bands/Gorthaur/3540482302,8
Gorthaur,https://www.metal-archives.com/bands/Gorthaur/24699,8
Gorthaur,https://www.metal-archives.com/bands/Gorthaur/3540334699,8
Gorthaur,https://www.metal-archives.com/bands/Gorthaur/75442,8
Gorthaur,https://www.metal-archives.com/bands/Gorthaur/3540470743,8
Gorthaur,https://www.metal-archives.com/bands/Gorthaur%27s_Wrath/10197,8
Gorthol,https://www.metal-archives.com/bands/Gorthol/3540543655,1
Gothmog,https://www.metal-archives.com/bands/Gothmog/3540529009,6
Gothmog,https://www.metal-archives.com/bands/Gothmog/93505,6
Gothmog,https://www.metal-archives.com/bands/Gothmog/3540271347,6
Gothmog,https://www.metal-archives.com/bands/Gothmog/28077,6
Gothmog,https://www.metal-archives.com/bands/Gothmog/21701,6
Gothmog,https://www.metal-archives.com/bands/Gothmog/3540526945,6
Greyflood,,0
Greyhame,,0
Greymantle,,0
Grima,https://www.metal-archives.com/bands/Grima/3540404377,3
Grima,https://www.metal-archives.com/bands/Grima_Morstua/12044,3
Grima,https://www.metal-archives.com/bands/Grima_Inc./3540473174,3
Grimbold,,0
Grishnakh,https://www.metal-archives.com/bands/Celtic_Blood/15045,1
Grnma,,0
Guilin,,0
Guldur,https://www.metal-archives.com/bands/Guldur/3540433146,8
Guldur,https://www.metal-archives.com/bands/Barad_Guldur/3540454921,8
Guldur,https://www.metal-archives.com/bands/Dol_Guldur/121636,8
Guldur,https://www.metal-archives.com/bands/Dol_Guldur/3540487962,8
Guldur,https://www.metal-archives.com/bands/Dol_Guldur/3540369852,8
Guldur,https://www.metal-archives.com/bands/Dol_Guldur/122867,8
Guldur,https://www.metal-archives.com/bands/Dol_Guldur/3540512613,8
Guldur,https://www.metal-archives.com/bands/Ered_Guldur/3540481221,8
Gundor,,0
Gurthang,https://www.metal-archives.com/bands/Gurthang/5091,2
Gurthang,https://www.metal-archives.com/bands/Gurthang/3540305908,2
Guthlbf,,0
Gwaihir,,0
Gwareth,,0
Gwindor,,0
Gwndor,,0
Hadhodrond,,0
Hador,,0
Haerast,,0
Haidar,,0
Haladin,,0
Halbarad,,0
Haldad,,0
Haldir,,0
Haleth,,0
Halfelven,,0
Halmir,,0
Handir,,0
Harad,https://www.metal-archives.com/bands/Harad/3540498628,2
Harad,https://www.metal-archives.com/bands/Far_Harad/3540498223,2
Haradrim,https://www.metal-archives.com/bands/Haradrim/3540512268,1
Hareth,,0
Haretha,,0
Harfoots,,0
Harlond,,0
HarperCollins,,0
HarperCollinsPublishers,,0
Harrowdale,,0
Hasufel,,0
Hathaldir,,0
Hathol,,0
Haysend,,0
Helcar,,0
Helcaraxe,https://www.metal-archives.com/bands/Helcaraxe/25848,7
Helcaraxe,https://www.metal-archives.com/bands/Helcaraxe/28812,7
Helcaraxe,https://www.metal-archives.com/bands/Helcaraxe/3540507877,7
Helcaraxe,https://www.metal-archives.com/bands/Helcaraxe/40696,7
Helcaraxe,https://www.metal-archives.com/bands/Helcaraxe/3540475901,7
Helcaraxe,https://www.metal-archives.com/bands/Helcarax%C3%AB/49088,7
Helcaraxe,https://www.metal-archives.com/bands/Eternal_Helcaraxe/121155,7
Helevom,,0
Helevorn,https://www.metal-archives.com/bands/Helevorn/3540373151,2
Helevorn,https://www.metal-archives.com/bands/Helevorn/6591,2
Helluin,,0
Helmir,,0
Henneth,,0
Herumor,,0
Herunumen,,0
Hildor,,0
Hildorien,,0
Himlad,,0
Himring,,0
Hirgon,,0
Hirilom,,0
Hirilorn,https://www.metal-archives.com/bands/Hirilorn/946,1
Hirluin,,0
Hisildme,,0
Hisilome,,0
Hithaeglin,,0
Hithaeglir,https://www.metal-archives.com/bands/Hithaeglir/3540351238,1
Hithlum,https://www.metal-archives.com/bands/Hithlum/35261,1
Hoarwell,,0
Hobbiton,https://www.metal-archives.com/bands/Hobbiton/111035,1
Hobbits,https://www.metal-archives.com/bands/Hobbits/3540327972,2
Hobbits,https://www.metal-archives.com/bands/The_Hobbits_of_the_Shire/112214,2
Holbytla,,0
Hollovibold,,0
Hornburg,,0
Hunthor,,0
Huor,,0
Huorns,,0
Hurin,https://www.metal-archives.com/bands/H%C3%BArin/3540520797,1
Hyarmentir,,0
Iant,,0
Iarwain,,0
Ibun,,0
Idril,,0
Ilmarin,,0
Imlach,,0
Imlad,,0
Imladris,,0
Imloth,,0
Imrahil,,0
Indis,,0
Inglorion,,0
Ingvie,,0
Ingwe,,0
Inziladun,,0
Inzilbeth,,0
Ioreth,,0
Isen,https://www.metal-archives.com/bands/Isen_Son/3540538860,3
Isen,https://www.metal-archives.com/bands/Isen_Torr/24117,3
Isen,https://www.metal-archives.com/bands/Throne_of_Isen/25127,3
Isengard,https://www.metal-archives.com/bands/Isengard/122438,11
Isengard,https://www.metal-archives.com/bands/Isengard/1027,11
Isengard,https://www.metal-archives.com/bands/Isengard/3540271964,11
Isengard,https://www.metal-archives.com/bands/Isengard/50491,11
Isengard,https://www.metal-archives.com/bands/Isengard/6771,11
Isengard,https://www.metal-archives.com/bands/Isengard/58962,11
Isengard,https://www.metal-archives.com/bands/Pest_of_Isengard/3540504892,11
Isengard,https://www.metal-archives.com/bands/Smoke_of_Isengard/3540502850,11
Isengard,https://www.metal-archives.com/bands/Wolf_of_Isengard/3540549897,11
Isengard,https://www.metal-archives.com/bands/Wolves_of_Isengard/3540539142,11
Isengard,https://www.metal-archives.com/bands/IzenGard/3540461943,11
Isengarders,,0
Isengrim,https://www.metal-archives.com/bands/Isengrim/57997,1
Isenmouthe,,0
Isenmouths,,0
Isil,,0
Isildur,https://www.metal-archives.com/bands/Isildur/3540382242,5
Isildur,https://www.metal-archives.com/bands/Isildur/39559,5
Isildur,https://www.metal-archives.com/bands/Bane_of_Isildur/78829,5
Isildur,https://www.metal-archives.com/bands/Heirs_of_Isildur/3540434538,5
Isildur,https://www.metal-archives.com/bands/Isildur%27_Bane/3540301676,5
Istari,,0
Itarille,,0
Ithil,https://www.metal-archives.com/bands/Ithil/3540549720,3
Ithil,https://www.metal-archives.com/bands/Minas_Ithil/3540355856,3
Ithil,https://www.metal-archives.com/bands/Il%27Ithil/3540396322,3
Ithilien,https://www.metal-archives.com/bands/Ithilien/3540323639,1
Ivrin,,0
Izor,,0
Jomer,,0
Jowyn,,0
Kementari,,0
Khazad,https://www.metal-archives.com/bands/Baruk_Khaz%C3%A2d/3540444687,6
Khazad,https://www.metal-archives.com/bands/Khazad_Dhum/8181,6
Khazad,https://www.metal-archives.com/bands/Khazad_D%C3%BBm/3540412241,6
Khazad,https://www.metal-archives.com/bands/Khazad_D%C3%BBm/3540516943,6
Khazad,https://www.metal-archives.com/bands/Khazad-d%C3%BBm/3540409847,6
Khazad,https://www.metal-archives.com/bands/Khazaddum/3540397428,6
Khtm,,0
Khuzdul,,0
Kili,,0
KingV,,0
Kinslaying,,0
Ladros,,0
Laer,,0
LaerCu,,0
Laiquendi,,0
Lalaith,,0
Lamath,,0
Lamedon,,0
Lammoth,https://www.metal-archives.com/bands/Lammoth/38438,4
Lammoth,https://www.metal-archives.com/bands/Lammoth/3540305388,4
Lammoth,https://www.metal-archives.com/bands/Lammoth/3540547665,4
Lammoth,https://www.metal-archives.com/bands/Lammoth/38456,4
Landroval,,0
Langstrand,,0
Lanlhir,,0
Lanthir,,0
Laramir,,0
Laurelin,,0
Leaflock,,0
Lebennin,,0
Legolas,,0
Legolin,,0
Leithian,https://www.metal-archives.com/bands/Leithian/86190,1
Lenwe,,0
Lhaw,,0
Lhun,,0
Limlight,,0
Linaevien,,0
Lindar,,0
Lithlad,,0
Lithui,https://www.metal-archives.com/bands/Ered_Lithui/106767,2
Lithui,https://www.metal-archives.com/bands/Ered/13472,2
Lockholes,,0
Loeg,,0
Lomin,,0
Lomion,,0
Lorellin,,0
Lorest,,0
Lorgan,,0
Lorindol,,0
Losgar,,0
Lossarnach,,0
Lothlann,,0
Lothlorien,https://www.metal-archives.com/bands/Lothlorien/2333,3
Lothlorien,https://www.metal-archives.com/bands/Leaves_of_Lothl%C3%B3rien/106360,3
Lothlorien,https://www.metal-archives.com/bands/Lothl%C3%B6ryen/28752,3
Lothlurien,,0
Lotho,,0
Loudwater,,0
Lrodo,,0
Lugburz,https://www.metal-archives.com/bands/Lugburz/123259,6
Lugburz,https://www.metal-archives.com/bands/Lugburz/15905,6
Lugburz,https://www.metal-archives.com/bands/Lugburz/47996,6
Lugburz,https://www.metal-archives.com/bands/Lugburz_Sleed/3540260865,6
Lugburz,https://www.metal-archives.com/bands/Lugzburz/3540398557,6
Lugburz,https://www.metal-archives.com/bands/Torturing_Decay/3540315292,6
Luin,,0
Luinil,,0
Lurien,,0
Luthien,https://www.metal-archives.com/bands/Luthien/58970,2
Luthien,https://www.metal-archives.com/bands/Luthien/100733,2
Mablung,,0
Maedhros,https://www.metal-archives.com/bands/Maedhros/3540492358,1
Maeglin,https://www.metal-archives.com/bands/Maeglin/3540507684,1
Maglor,https://www.metal-archives.com/bands/Maglor/3540347227,1
Magor,https://www.metal-archives.com/bands/Magor/3540357961,2
Magor,https://www.metal-archives.com/bands/Magor/3540290913,2
Mahanaxar,,0
Mahtan,,0
Maiar,https://www.metal-archives.com/bands/Maiar/3540441874,1
Malach,,0
Malduin,,0
Malinalda,,0
Mandos,https://www.metal-archives.com/bands/Halls_of_Mandos/3540255443,1
Manvie,,0
Manwe,,0
Marach,,0
Mardil,,0
Masterstone,https://www.metal-archives.com/bands/The_Great_Masterstone/3540417296,1
Mauhur,https://www.metal-archives.com/bands/Mauh%C3%BAr/3540553763,1
Mazarbul,,0
Meduseld,,0
Melkor,https://www.metal-archives.com/bands/Melkor/16925,11
Melkor,https://www.metal-archives.com/bands/Melkor/64098,11
Melkor,https://www.metal-archives.com/bands/Melkor/14061,11
Melkor,https://www.metal-archives.com/bands/Melkor/3540403195,11
Melkor,https://www.metal-archives.com/bands/Melkor/30638,11
Melkor,https://www.metal-archives.com/bands/Melkor/3540440419,11
Melkor,https://www.metal-archives.com/bands/Born_of_Melkor/3540541541,11
Melkor,https://www.metal-archives.com/bands/Hand_of_Melkor/3540525323,11
Melkor,https://www.metal-archives.com/bands/Song_of_Melkor/5133,11
Melkor,https://www.metal-archives.com/bands/%D0%9C%D0%B5%D0%BB%D0%BA%D0%BE%D1%80/78719,11
Melkor,https://www.metal-archives.com/bands/Morgoth/89952,11
Melyanna,,0
Menegroth,https://www.metal-archives.com/bands/Menegroth/28940,1
Meneldil,,0
Meneldor,,0
Menelmacar,,0
Meneltarma,,0
Mereth,,0
Meriadoc,,0
Methedras,https://www.metal-archives.com/bands/Methedras/16717,1
Mickleburg,,0
Minastir,,0
Mindeb,,0
Mindolluin,,0
Mindon,,0
Minhiriath,https://www.metal-archives.com/bands/Minhiriath/39117,1
Miriel,,0
Mirkmod,,0
Mirkwood,https://www.metal-archives.com/bands/Mirkwood/110865,1
Mirrormere,,0
Mithlond,https://www.metal-archives.com/bands/Mithlond/3540430517,1
Mithrandir,https://www.metal-archives.com/bands/Mithrandir/3540521442,1
Mithril,https://www.metal-archives.com/bands/Mithril/78027,11
Mithril,https://www.metal-archives.com/bands/Mithril/3540262514,11
Mithril,https://www.metal-archives.com/bands/Mithril/44416,11
Mithril,https://www.metal-archives.com/bands/Mithril/28498,11
Mithril,https://www.metal-archives.com/bands/Mithril/23082,11
Mithril,https://www.metal-archives.com/bands/Mithril/3540396810,11
Mithril,https://www.metal-archives.com/bands/Mithril_Hall/51976,11
Mithril,https://www.metal-archives.com/bands/Mithril_on_Fire/3540321560,11
Mithril,https://www.metal-archives.com/bands/Mythril/3540497521,11
Mithril,https://www.metal-archives.com/bands/Mythrill/94166,11
Mithril,https://www.metal-archives.com/bands/Mythraal/3540394197,11
Mithrim,https://www.metal-archives.com/bands/Mithrim/3540331781,1
Mlriel,,0
Momen,,0
MonAen,,0
Morannon,https://www.metal-archives.com/bands/Morannon/65661,2
Morannon,https://www.metal-archives.com/bands/Morannon/5873,2
Mordor,https://www.metal-archives.com/bands/Mordor/3540289717,28
Mordor,https://www.metal-archives.com/bands/Mordor/3540256561,28
Mordor,https://www.metal-archives.com/bands/Mordor/3784,28
Mordor,https://www.metal-archives.com/bands/Mordor/118033,28
Mordor,https://www.metal-archives.com/bands/Mordor/3540493655,28
Mordor,https://www.metal-archives.com/bands/Mordor/6893,28
Mordor,https://www.metal-archives.com/bands/Mordor/19560,28
Mordor,https://www.metal-archives.com/bands/Mordor/3540485394,28
Mordor,https://www.metal-archives.com/bands/Mordor/18509,28
Mordor,https://www.metal-archives.com/bands/Mordor/3540498148,28
Mordor,https://www.metal-archives.com/bands/Mordor/73368,28
Mordor,https://www.metal-archives.com/bands/Mordor/3540281965,28
Mordor,https://www.metal-archives.com/bands/Mordor/34000,28
Mordor,https://www.metal-archives.com/bands/Mordor/3540387516,28
Mordor,https://www.metal-archives.com/bands/Mordor/19852,28
Mordor,https://www.metal-archives.com/bands/Mordor/3540362824,28
Mordor,https://www.metal-archives.com/bands/Mordor/3540407867,28
Mordor,https://www.metal-archives.com/bands/Dark_Mordor/86024,28
Mordor,https://www.metal-archives.com/bands/Lord_Mordor/3540477466,28
Mordor,https://www.metal-archives.com/bands/Mordor_Macula/3540505885,28
Mordor,https://www.metal-archives.com/bands/Mordor_Ruido/3540455053,28
Mordor,https://www.metal-archives.com/bands/Mordor_Truckers/3540523851,28
Mordor,https://www.metal-archives.com/bands/Land_of_Mordor/27080,28
Mordor,https://www.metal-archives.com/bands/Morador/3540440806,28
Mordor,https://www.metal-archives.com/bands/Paroxysm/17769,28
Mordor,https://www.metal-archives.com/bands/Unchain/3540321439,28
Mordor,https://www.metal-archives.com/bands/%D0%9C%D0%BE%D1%80%D0%B4%D0%BE%D1%80/3540343722,28
Mordor,https://www.metal-archives.com/bands/Satansm%C3%B6rder/3540535500,28
Morgai,,0
Morgoth,https://www.metal-archives.com/bands/Morgoth/3540534402,15
Morgoth,https://www.metal-archives.com/bands/Morgoth/89952,15
Morgoth,https://www.metal-archives.com/bands/Morgoth/811,15
Morgoth,https://www.metal-archives.com/bands/Morgoth/3540450000,15
Morgoth,https://www.metal-archives.com/bands/Morgoth/3540298227,15
Morgoth,https://www.metal-archives.com/bands/Morgoth/60102,15
Morgoth,https://www.metal-archives.com/bands/Dead_Morgoth/3540281725,15
Morgoth,https://www.metal-archives.com/bands/Morgoth_Bauglir/3540270395,15
Morgoth,https://www.metal-archives.com/bands/Morgoth_Gates/3540315726,15
Morgoth,https://www.metal-archives.com/bands/Unholy_Morgoth/35397,15
Morgoth,https://www.metal-archives.com/bands/Balrog_ov_Morgoth/3540543147,15
Morgoth,https://www.metal-archives.com/bands/Servant_of_Morgoth/3540499056,15
Morgoth,https://www.metal-archives.com/bands/Skald_of_Morgoth/3540428155,15
Morgoth,https://www.metal-archives.com/bands/Maleficentia/10191,15
Morgoth,https://www.metal-archives.com/bands/Morgorth/3540314278,15
Morgul,https://www.metal-archives.com/bands/Morgul/3331,16
Morgul,https://www.metal-archives.com/bands/Morgul/3540313741,16
Morgul,https://www.metal-archives.com/bands/Burz_Morg%C3%BBl/61290,16
Morgul,https://www.metal-archives.com/bands/Cirith_Morgul/3540461915,16
Morgul,https://www.metal-archives.com/bands/G%C3%B4r_M%C3%B6rg%C3%BBl/3540341942,16
Morgul,https://www.metal-archives.com/bands/Minas_Morgul/3540487912,16
Morgul,https://www.metal-archives.com/bands/Minas_Morgul/11607,16
Morgul,https://www.metal-archives.com/bands/Minas_Morgul/3540333875,16
Morgul,https://www.metal-archives.com/bands/Minas_Morgul/3540537174,16
Morgul,https://www.metal-archives.com/bands/Minas_Morgul/7216,16
Morgul,https://www.metal-archives.com/bands/Morgul_Bastard/3540530785,16
Morgul,https://www.metal-archives.com/bands/Morgul_Blade/3540467522,16
Morgul,https://www.metal-archives.com/bands/Morgul_Vale/3540288607,16
Morgul,https://www.metal-archives.com/bands/Morgul_Vale/3540510932,16
Morgul,https://www.metal-archives.com/bands/Old_Morgul/11753,16
Morgul,https://www.metal-archives.com/bands/Warlocks_of_Morgul/3540551750,16
Moriquendi,https://www.metal-archives.com/bands/Moriquendi/44623,3
Moriquendi,https://www.metal-archives.com/bands/Moriquendi/109220,3
Moriquendi,https://www.metal-archives.com/bands/Moriqu%C3%ABndi/3540468297,3
Mormegil,https://www.metal-archives.com/bands/Mormegil/3540447605,1
Morthond,https://www.metal-archives.com/bands/Morthond/9235,1
Morwen,https://www.metal-archives.com/bands/Morwen/3540422696,4
Morwen,https://www.metal-archives.com/bands/Morwen/64240,4
Morwen,https://www.metal-archives.com/bands/M%C3%B6rwen/3540329252,4
Morwen,https://www.metal-archives.com/bands/Tol_Morwen/3540447572,4
Muil,https://www.metal-archives.com/bands/Emyn_Muil/3540358234,1
Mumak,,0
Mundburg,,0
Naeramarth,https://www.metal-archives.com/bands/Naeramarth/3540432885,1
Nahar,https://www.metal-archives.com/bands/Nahar/28331,2
Nahar,https://www.metal-archives.com/bands/Nahar/3540438270,2
Naith,,0
Namo,,0
Nandorin,,0
Nanduhirion,,0
Nardol,,0
Nargothrond,https://www.metal-archives.com/bands/Nargothrond/12606,5
Nargothrond,https://www.metal-archives.com/bands/Nargothrond/108684,5
Nargothrond,https://www.metal-archives.com/bands/Nargothrond/20858,5
Nargothrond,https://www.metal-archives.com/bands/Nargothrond/3540257970,5
Nargothrond,https://www.metal-archives.com/bands/Nauglath/21963,5
Narog,https://www.metal-archives.com/bands/Narog/24421,1
Narsil,https://www.metal-archives.com/bands/Narsil/3540379586,2
Narsil,https://www.metal-archives.com/bands/Narsil/80143,2
Narsilion,https://www.metal-archives.com/bands/Narsilion/9477,1
Narya,,0
Nasmith,,0
Nauglamir,,0
Nauglamlr,,0
Naugrim,https://www.metal-archives.com/bands/Naugrim/3540533825,2
Naugrim,https://www.metal-archives.com/bands/Naugrim/3540425860,2
Nazgul,https://www.metal-archives.com/bands/Nazgul/118030,21
Nazgul,https://www.metal-archives.com/bands/Nazgul/3540475383,21
Nazgul,https://www.metal-archives.com/bands/Nazgul/3540512989,21
Nazgul,https://www.metal-archives.com/bands/Nazgul/28926,21
Nazgul,https://www.metal-archives.com/bands/Nazgul/96803,21
Nazgul,https://www.metal-archives.com/bands/Nazgul/6439,21
Nazgul,https://www.metal-archives.com/bands/Nazgul/31576,21
Nazgul,https://www.metal-archives.com/bands/Nazg%C3%BBl/3540391679,21
Nazgul,https://www.metal-archives.com/bands/Nazg%C3%BBl/7829,21
Nazgul,https://www.metal-archives.com/bands/Nazg%C3%BBl/3540422912,21
Nazgul,https://www.metal-archives.com/bands/Nazg%C3%BBl/3540492503,21
Nazgul,https://www.metal-archives.com/bands/Nazg%C3%BBl/3540364340,21
Nazgul,https://www.metal-archives.com/bands/Krith_Nazgul/3540442542,21
Nazgul,https://www.metal-archives.com/bands/Nazgul_Rising/25781,21
Nazgul,https://www.metal-archives.com/bands/Nazgul_SS/3540295216,21
Nazgul,https://www.metal-archives.com/bands/Day_to_Day_Life_of_the_Nazg%C3%BBl/3540530896,21
Nazgul,https://www.metal-archives.com/bands/Nashgul/3540260909,21
Nazgul,https://www.metal-archives.com/bands/Nazghoul/3540408363,21
Nazgul,https://www.metal-archives.com/bands/Nazghul/46135,21
Nazgul,https://www.metal-archives.com/bands/Nazgl/3540464829,21
Nazgul,https://www.metal-archives.com/bands/Nazhgul/59068,21
Nazgyl,,0
Ndengin,,0
Neldoreth,https://www.metal-archives.com/bands/Neldoreth/5335,4
Neldoreth,https://www.metal-archives.com/bands/Neldoreth/3540428079,4
Neldoreth,https://www.metal-archives.com/bands/Neld%C3%B6reth/41235,4
Neldoreth,https://www.metal-archives.com/bands/Hazard/18956,4
Nen,https://www.metal-archives.com/bands/%E3%83%9E%E3%82%B0%E3%83%80%E3%83%A9%E5%91%AA%E5%BF%B5/3540279034,1
Nenning,,0
Nenuial,https://www.metal-archives.com/bands/Nenuial/3540458109,1
Nenya,,0
Nerdanel,,0
Nevrast,https://www.metal-archives.com/bands/Nevrast/3540392334,1
Nibin,,0
Nienna,,0
Nienor,https://www.metal-archives.com/bands/Nienor/100667,1
Nimaeth,,0
Nimbrethil,,0
Nimloth,https://www.metal-archives.com/bands/Saukopf/3540487006,1
Nimphelos,,0
Nimrais,,0
Nimras,,0
Nimrodel,,0
Nindalf,,0
Ningloron,,0
Niniel,,0
Ninniach,,0
Nirnaeth,https://www.metal-archives.com/bands/Nirnaeth/46142,4
Nirnaeth,https://www.metal-archives.com/bands/Nirnaeth/27763,4
Nirnaeth,https://www.metal-archives.com/bands/Nirnaeth/3540290513,4
Nirnaeth,https://www.metal-archives.com/bands/Nirnaeth_Arnoediad/13392,4
Nivrim,,0
Noegyth,,0
Nogrod,https://www.metal-archives.com/bands/Nogrod/3540313965,2
Nogrod,https://www.metal-archives.com/bands/Nogrod/3540411465,2
Noldolante,,0
Noldor,https://www.metal-archives.com/bands/Noldor/3540406001,1
Noldorat,,0
Noldorin,,0
Nomin,https://www.metal-archives.com/bands/Nomin/28891,1
Norbury,,0
Northfarthing,,0
Novrod,,0
Nulukkizdin,,0
Numendor,,0
Numenor,https://www.metal-archives.com/bands/Numenor/22211,2
Numenor,https://www.metal-archives.com/bands/N%C3%BAmenor/3540290774,2
Numenore,,0
Numenorean,https://www.metal-archives.com/bands/Numenorean/3540384750,3
Numenorean,https://www.metal-archives.com/bands/Black_Numenorean/3540467326,3
Numenorean,https://www.metal-archives.com/bands/Numenorean_Sun/3540509872,3
Nurtale,,0
Oakenshield,https://www.metal-archives.com/bands/Oakenshield/3540259171,2
Oakenshield,https://www.metal-archives.com/bands/Oakenshield/107007,2
Ohtar,https://www.metal-archives.com/bands/Ohtar/1085,1
Oin,,0
Oiolosse,,0
Oiomure,,0
Oliphaunt,,0
Olorin,https://www.metal-archives.com/bands/Ol%C3%B3rin/3540328573,1
OlorinA,,0
Olwe,,0
Ondolinde,https://www.metal-archives.com/bands/Ondolind%C3%AB/3540447173,1
Orcrist,https://www.metal-archives.com/bands/Orcrist/12786,2
Orcrist,https://www.metal-archives.com/bands/DarkAge/65872,2
Orcses,,0
Orfalch,,0
Ormal,,0
Orocami,,0
Orodreth,https://www.metal-archives.com/bands/Orodreth/3540341278,2
Orodreth,https://www.metal-archives.com/bands/Orodreth/3540352315,2
Orodruin,https://www.metal-archives.com/bands/Orodruin/9423,4
Orodruin,https://www.metal-archives.com/bands/Orodruin/3540293613,4
Orodruin,https://www.metal-archives.com/bands/Orodruin/21311,4
Orodruin,https://www.metal-archives.com/bands/Orodruin/3966,4
Orome,,0
Oromet,https://www.metal-archives.com/bands/Oromet/3540525677,1
Orthanc,https://www.metal-archives.com/bands/Orthanc/3540285537,9
Orthanc,https://www.metal-archives.com/bands/Orthanc/59111,9
Orthanc,https://www.metal-archives.com/bands/Orthanc/3540453364,9
Orthanc,https://www.metal-archives.com/bands/Orthanc/29215,9
Orthanc,https://www.metal-archives.com/bands/Orthanc/89121,9
Orthanc,https://www.metal-archives.com/bands/Orthanc/3540370036,9
Orthanc,https://www.metal-archives.com/bands/Orthanc/39131,9
Orthanc,https://www.metal-archives.com/bands/Keys_of_Orthanc/3540436828,9
Orthanc,https://www.metal-archives.com/bands/Orthank/3540358748,9
Osgiliath,https://www.metal-archives.com/bands/Osgiliath/29903,2
Osgiliath,https://www.metal-archives.com/bands/Osgiliath/3540361302,2
Ossir,,0
Ossiriand,,0
PALANTIR,https://www.metal-archives.com/bands/Palantir/3540329876,3
PALANTIR,https://www.metal-archives.com/bands/Palant%C3%ADr/3540524605,3
PALANTIR,https://www.metal-archives.com/bands/Palant%C3%ADr/3540430938,3
Palantir,https://www.metal-archives.com/bands/Palantir/3540329876,3
Palantir,https://www.metal-archives.com/bands/Palant%C3%ADr/3540524605,3
Palantir,https://www.metal-archives.com/bands/Palant%C3%ADr/3540430938,3
Palantiri,,0
Parth,https://www.metal-archives.com/bands/Parth_Gallen/3540539403,1
Pelargir,,0
Pelennor,,0
Pelori,,0
Peredhil,,0
Periannath,,0
Pharazon,,0
Pheriannath,,0
Pinnath,,0
Pover,,0
Proudfoots,,0
Quendi,,0
Quenta,,0
Quenya,,0
Radagast,https://www.metal-archives.com/bands/Radagast/3540394373,5
Radagast,https://www.metal-archives.com/bands/Radegast/48739,5
Radagast,https://www.metal-archives.com/bands/Radogost/87523,5
Radagast,https://www.metal-archives.com/bands/At_Radogost%27s_Gates/26830,5
Radagast,https://www.metal-archives.com/bands/%D0%A0%D0%B0%D0%B4%D0%BE%D0%B3%D0%B0%D1%81%D1%82/66732,5
Radhruin,,0
Ragnor,https://www.metal-archives.com/bands/Ragnor/3540267307,1
Ramdal,,0
Rammas,,0
Rathloriel,,0
Rauros,https://www.metal-archives.com/bands/Falls_of_Rauros/67357,1
Ravenhill,https://www.metal-archives.com/bands/Ravenhill/3540435855,1
Redhorn,https://www.metal-archives.com/bands/Redhorn/3540479932,1
Rerir,,0
Rhovanion,https://www.metal-archives.com/bands/Rhovanion/3540353164,1
Rhudaur,,0
Rhunen,,0
Rhyn,,0
Rian,https://www.metal-archives.com/bands/Anatol_Rian/3540494843,2
Rian,https://www.metal-archives.com/bands/Greg%28o%29rian/3540379890,2
Riddermark,https://www.metal-archives.com/bands/Riddermark/3540437666,1
Rimmon,,0
Ringbearer,,0
Ringlo,,0
Ringlu,,0
Ringwl,,0
Ringwraith,https://www.metal-archives.com/bands/Ringwraith/31846,2
Ringwraith,https://www.metal-archives.com/bands/Morbid_Ringwraith/3540521999,2
Rivendell,https://www.metal-archives.com/bands/Rivendell/9074,3
Rivendell,https://www.metal-archives.com/bands/Rivendell/3540509433,3
Rivendell,https://www.metal-archives.com/bands/R%C3%ADvendell/121693,3
Rivil,,0
Roac,,0
Rochallor,,0
Rochand,,0
Roheryn,,0
Rohirrim,https://www.metal-archives.com/bands/Rohirrim/3540322998,1
Romenna,,0
Rothinzil,,0
Roverandom,,0
Rudh,https://www.metal-archives.com/bands/Amon_Rudh/3540547138,1
Rumil,,0
SAMWISE,,0
SARUMAN,https://www.metal-archives.com/bands/Saruman/14446,1
SMEAGOL,https://www.metal-archives.com/bands/Smeagol%27s_Fate/3540512579,1
Saeros,,0
Salmar,,0
Sammath,https://www.metal-archives.com/bands/Sammath/4708,4
Sammath,https://www.metal-archives.com/bands/Sammath_Naur/3540285900,4
Sammath,https://www.metal-archives.com/bands/Sammath_Naur/15807,4
Sammath,https://www.metal-archives.com/bands/Samath_Naur/3540296215,4
Samwise,,0
Sandyman,,0
Sangahyando,,0
Sarn,,0
Saruman,https://www.metal-archives.com/bands/Saruman/14446,1
Sauron,https://www.metal-archives.com/bands/Sauron/2807,12
Sauron,https://www.metal-archives.com/bands/Sauron/3540419144,12
Sauron,https://www.metal-archives.com/bands/Sauron/111652,12
Sauron,https://www.metal-archives.com/bands/Sauron/6672,12
Sauron,https://www.metal-archives.com/bands/Sauron/14378,12
Sauron,https://www.metal-archives.com/bands/Sauron/47604,12
Sauron,https://www.metal-archives.com/bands/Sauron/82655,12
Sauron,https://www.metal-archives.com/bands/Sauron/3540417135,12
Sauron,https://www.metal-archives.com/bands/Sauron/5446,12
Sauron,https://www.metal-archives.com/bands/Sauron/3540536031,12
Sauron,https://www.metal-archives.com/bands/Sauron/9947,12
Sauron,https://www.metal-archives.com/bands/Mouth_of_Sauron/3540431936,12
Serech,,0
Serinde,,0
SfrongbowTranslation,,0
ShadowSee,,0
Shadowfax,https://www.metal-archives.com/bands/Shadowfax/111898,1
Shagrat,,0
Sharkey,,0
Shelob,https://www.metal-archives.com/bands/Shelob/3540497096,3
Shelob,https://www.metal-archives.com/bands/Shelob%27s_Lair/11605,3
Shelob,https://www.metal-archives.com/bands/Shelob%27s_Lair/3540480991,3
Shirriff,,0
Silmaril,,0
Silmarilfrom,,0
Silmarilli,,0
Silmarillion,https://www.metal-archives.com/bands/Silmarillion/3540381378,1
Silpion,,0
Silverlode,,0
Silverti,,0
Silvertine,,0
Sindacollo,,0
Sindar,,0
Sindari,,0
Sindarin,https://www.metal-archives.com/bands/Sindarin/3540278462,1
Singollo,,0
Sirannon,https://www.metal-archives.com/bands/Sirannon/3540332386,1
Sirion,https://www.metal-archives.com/bands/Sirion/109142,5
Sirion,https://www.metal-archives.com/bands/Sirion/3540377130,5
Sirion,https://www.metal-archives.com/bands/Eithel_Sirion/34453,5
Sirion,https://www.metal-archives.com/bands/Tol_Sirion/3540421448,5
Sirion,https://www.metal-archives.com/bands/Forever_Winter/9990,5
Skinbark,,0
Smallburrow,,0
Smaug,https://www.metal-archives.com/bands/Smaug/3540462681,3
Smaug,https://www.metal-archives.com/bands/Smaug/114807,3
Smaug,https://www.metal-archives.com/bands/Smaug_88/3540417521,3
Smeagol,https://www.metal-archives.com/bands/Smeagol%27s_Fate/3540512579,1
Smials,,0
Smjagol,,0
Smrd,,0
Snaga,,0
Snowbourn,,0
Snowmane,,0
Soronume,,0
Southfarthing,,0
Starkhorn,,0
Stonewain,,0
Stoors,,0
Stormcrow,https://www.metal-archives.com/bands/Stormcrow/13644,3
Stormcrow,https://www.metal-archives.com/bands/Stormcrow/85334,3
Stormcrow,https://www.metal-archives.com/bands/StormCrow/35380,3
Strongbow,,0
Stybba,,0
Sul,https://www.metal-archives.com/bands/Amon_Sul/11699,2
Sul,https://www.metal-archives.com/bands/S%C3%BAl_ad_Astral/3540360771,2
Svarthy,,0
Swanhaven,,0
Swertings,,0
TOLKIEN,https://www.metal-archives.com/bands/Rob_Zendys_Greco%27s_Metal_Tribute_...to_Tolkien/3540366726,3
TOLKIEN,https://www.metal-archives.com/bands/Duumviratus/3540442015,3
TOLKIEN,https://www.metal-archives.com/bands/J%E2%80%8B.%E2%80%8BR%E2%80%8B.%E2%80%8BR._Tokin%27/3540395136,3
Talath,,0
Taniquetil,,0
Taras,,0
Tasarinan,,0
Tathren,,0
Tauron,https://www.metal-archives.com/bands/Tauron/35674,1
Teiglin,,0
Telchar,,0
Telemnar,,0
Teleri,,0
Telerin,,0
Telperinquar,,0
Telperion,https://www.metal-archives.com/bands/Telperion/3540511824,2
Telperion,https://www.metal-archives.com/bands/Telperion/3540405167,2
Telumendil,,0
Thalion,https://www.metal-archives.com/bands/Thalion/14536,2
Thalion,https://www.metal-archives.com/bands/Thalion/3540364960,2
Thangorodrim,,0
Tharbad,,0
Thengel,,0
Theoden,https://www.metal-archives.com/bands/Theoden%27s_Reign/3540529542,1
Theodred,,0
Thingol,,0
Thjoden,,0
Thoronath,https://www.metal-archives.com/bands/Thoronath/20295,1
Thorondor,https://www.metal-archives.com/bands/Thorondor/3540472890,1
Thranduil,,0
Thrbin,,0
Thror,,0
Thrur,,0
Thuringwethil,https://www.metal-archives.com/bands/Thuringwethil/3540446622,1
Thurlngviethil,,0
Tilion,,0
Tindrock,,0
Tintalle,,0
Tinuviel,,0
Tirion,,0
Tirith,https://www.metal-archives.com/bands/Minas_Tirith/75637,7
Tirith,https://www.metal-archives.com/bands/Minas_Tirith/3540259243,7
Tirith,https://www.metal-archives.com/bands/Minas_Tirith/3540307502,7
Tirith,https://www.metal-archives.com/bands/Minas_Tirith/3540424607,7
Tirith,https://www.metal-archives.com/bands/Minas_Tirith/3540493879,7
Tirith,https://www.metal-archives.com/bands/Minas_Tirith/114342,7
Tirith,https://www.metal-archives.com/bands/Minas/16456,7
Tlrion,,0
Tobold,,0
Tookish,,0
Tookland,,0
Tooks,,0
Tovars,,0
Tuckborough,,0
Tulkas,https://www.metal-archives.com/bands/Tulkas/3540374061,1
Tumhalad,,0
Tumladen,,0
Tumunzahar,,0
TumunzaharSee,,0
Tuor,,0
Turamarth,,0
Turambar,https://www.metal-archives.com/bands/Turambar/73381,2
Turambar,https://www.metal-archives.com/bands/T%C3%BArin_Turambar/3540333837,2
Turgon,,0
Tvu,,0
Tvulight,,0
Twd,,0
UNGOL,https://www.metal-archives.com/bands/Cirith_Ungol/561,1
Udun,https://www.metal-archives.com/bands/Udun/27770,6
Udun,https://www.metal-archives.com/bands/Ud%C3%BBn/3540373644,6
Udun,https://www.metal-archives.com/bands/Ud%C3%BBn/3540332127,6
Udun,https://www.metal-archives.com/bands/Ud%C3%BBn/3540526655,6
Udun,https://www.metal-archives.com/bands/Fires_ov_Udun/3540514123,6
Udun,https://www.metal-archives.com/bands/Draconis_Sanguis/3756,6
Udyn,,0
Ugluk,https://www.metal-archives.com/bands/Ugluk/22554,1
Uilos,,0
Uin,,0
Uinen,,0
Ulairi,https://www.metal-archives.com/bands/%C3%9Blairi/3540553973,1
Uldor,,0
Ulfang,https://www.metal-archives.com/bands/Ulfang/20241,1
Ulfast,,0
Ulumuri,,0
Ulwarth,,0
Umanyar,,0
Umarth,,0
Umbar,,0
Underhills,,0
Ungol,https://www.metal-archives.com/bands/Cirith_Ungol/561,1
Ungoliant,https://www.metal-archives.com/bands/Ungoliant/3540293939,5
Ungoliant,https://www.metal-archives.com/bands/Ungoliant/43617,5
Ungoliant,https://www.metal-archives.com/bands/Ungoliant/3540327080,5
Ungoliant,https://www.metal-archives.com/bands/Ungoliant/3540337327,5
Ungoliant,https://www.metal-archives.com/bands/Ungoliant/3540550349,5
Unwin,,0
Urthel,,0
Uruks,,0
Uruloki,,0
Utumno,https://www.metal-archives.com/bands/Utumno/3540334966,4
Utumno,https://www.metal-archives.com/bands/Utumno/3540354538,4
Utumno,https://www.metal-archives.com/bands/Utumno/23505,4
Utumno,https://www.metal-archives.com/bands/Utumno/13245,4
VALAQUENTA,,0
Valacirca,,0
Valandil,,0
Valandor,,0
Valaquenta,,0
Valar,https://www.metal-archives.com/bands/Valar/6308,6
Valar,https://www.metal-archives.com/bands/Valar/3540355743,6
Valar,https://www.metal-archives.com/bands/Black_Valar/3540448560,6
Valar,https://www.metal-archives.com/bands/Haan_Valar/3540552799,6
Valar,https://www.metal-archives.com/bands/Valar_Morghulis/3540449582,6
Valar,https://www.metal-archives.com/bands/Valar_Morghulis/3540464313,6
Valaroma,,0
Valimar,,0
Valinor,https://www.metal-archives.com/bands/Valinor/3540488573,7
Valinor,https://www.metal-archives.com/bands/Valinor/3540265898,7
Valinor,https://www.metal-archives.com/bands/Valinor/3540262044,7
Valinor,https://www.metal-archives.com/bands/Valinor/9888,7
Valinor,https://www.metal-archives.com/bands/Valinor/25107,7
Valinor,https://www.metal-archives.com/bands/V%C3%A0linor/77472,7
Valinor,https://www.metal-archives.com/bands/U.L.V./3540398644,7
Valinore,,0
Valinoreva,,0
Valmar,,0
Vana,,0
Vanyar,https://www.metal-archives.com/bands/Vanyar/3540354333,2
Vanyar,https://www.metal-archives.com/bands/Vanyar/3540310245,2
Vanyarin,,0
Variags,,0
Vilya,,0
Vingilot,,0
Vingilote,,0
Vinyamar,,0
VinyamarThe,,0
Voronwe,,0
Warg,https://www.metal-archives.com/bands/Warg/3540385151,3
Warg,https://www.metal-archives.com/bands/Warg/3540343770,3
Warg,https://www.metal-archives.com/bands/Warg/3540343935,3
Waymeet,,0
Weathertop,https://www.metal-archives.com/bands/Weathertop/3540469178,1
Westemesse,,0
Westernesse,,0
Westfarthing,,0
Westfold,,0
Westmarch,,0
Westron,,0
Wethrin,https://www.metal-archives.com/bands/Ered_Wethrin/3540375522,2
Wethrin,https://www.metal-archives.com/bands/Ered_Wethrin/3540372957,2
Whiteskins,,0
Whitfoot,,0
Wilderland,,0
Wildman,,0
Wilmrin,,0
Windfola,,0
Withywindle,,0
Wlien,,0
Wndfara,,0
Woodhall,,0
Wootton,,0
Wormtongue,https://www.metal-archives.com/bands/Wormtongue/84590,1
Yavanna,https://www.metal-archives.com/bands/Yavanna/3540501417,1
Yjni,,0
Yrch,,0
